en,fr,it,de,es,ko,kana
Paul,Paul,Paul,Paul,Paul,Paul,Paul
Jean,Jean,Jean,Jean,Jean,Jean,Jean
Jean,Jean,Jean,Jean,Jean,Jean,Jean
Tana,Tana,Tana,Tana,Tana,Tana,Tana
Jean,Jean,Jean,Jean,Jean,Jean,Jean
Jean,Jean,Jean,Jean,Jean,Jean,Jean
Jean,Jean,Jean,Jean,Jean,Jean,Jean
Jean,Jean,Jean,Jean,Jean,Jean,Jean
Jean,Jean,Jean,Jean,Jean,Jean,Jean
Jean,Jean,Jean,Jean,Jean,Jean,Jean
Jean,Jean,Jean,Jean,Jean,Jean,Jean
Jean,Jean,Jean,Jean,Jean,Jean,Jean
Jean,Jean,Jean,Jean,Jean,Jean,Jean
Jean,Jean,Jean,Jean,Jean,Jean,Jean
Jean,Jean,Jean,Jean,Jean,Jean,Jean
Jean,Jean,Jean,Jean,Jean,Jean,Jean
Jean,Jean,Jean,Jean,Jean,Jean,Jean
Jean,Jean,Jean,Jean,Jean,Jean,Jean
Jean,Jean,Jean,Jean,Jean,Jean,Jean
Jean,Jean,Jean,Jean,Jean,Jean,Jean
Jean,Jean,Jean,Jean,Jean,Jean,Jean
Jean,Jean,Jean,Jean,Jean,Jean,Jean
Jean,Jean,Jean,Jean,Jean,Jean,Jean
Jean,Jean,Jean,Jean,Jean,Jean,Jean
Jean,Jean,Jean,Jean,Jean,Jean,Jean
Jean,Jean,Jean,Jean,Jean,Jean,Jean
Jean,Jean,Jean,Jean,Jean,Jean,Jean
Jean,Jean,Jean,Jean,Jean,Jean,Jean
Jean,Jean,Jean,Jean,Jean,Jean,Jean
Jean,Jean,Jean,Jean,Jean,Jean,Jean
Jean,Jean,Jean,Jean,Jean,Jean,Jean
Jean,Jean,Jean,Jean,Jean,Jean,Jean
Jean,Jean,Jean,Jean,Jean,Jean,Jean
Jean,Jean,Jean,Jean,Jean,Jean,Jean
Jean,Jean,Jean,Jean,Jean,Jean,Jean
Jean,Jean,Jean,Jean,Jean,Jean,Jean
Jean,Jean,Jean,Jean,Jean,Jean,Jean
Jean,Jean,Jean,Jean,Jean,Jean,Jean
Jean,Jean,Jean,Jean,Jean,Jean,Jean
Jean,Jean,Jean,Jean,Jean,Jean,Jean
Jean,Jean,Jean,Jean,Jean,Jean,Jean
Jean,Jean,Jean,Jean,Jean,Jean,Jean
Jean,Jean,Jean,Jean,Jean,Jean,Jean
Jean,Jean,Jean,Jean,Jean,Jean,Jean
Jean,Jean,Jean,Jean,Jean,Jean,Jean
Jean,Jean,Jean,Jean,Jean,Jean,Jean
Jean,Jean,Jean,Jean,Jean,Jean,Jean
Jean,Jean,Jean,Jean,Jean,Jean,Jean
Jean,Jean,Jean,Jean,Jean,Jean,Jean
Jean,Jean,Jean,Jean,Jean,Jean,Jean
Jean,Jean,Jean,Jean,Jean,Jean,Jean
Jean,Jean,Jean,Jean,Jean,Jean,Jean
Jean,Jean,Jean,Jean,Jean,Jean,Jean
Jean,Jean,Jean,Jean,Jean,Jean,Jean
Jean,Jean,Jean,Jean,Jean,Jean,Jean
Jean,Jean,Jean,Jean,Jean,Jean,Jean
Jean,Jean,Jean,Jean,Jean,Jean,Jean
Jean,Jean,Jean,Jean,Jean,Jean,Jean
Jean,Jean,Jean,Jean,Jean,Jean,Jean
Jean,Jean,Jean,Jean,Jean,Jean,Jean
Jean,Jean,Jean,Jean,Jean,Jean,Jean
Jean,Jean,Jean,Jean,Jean,Jean,Jean
Jean,Jean,Jean,Jean,Jean,Jean,Jean
Jean,Jean,Jean,Jean,Jean,Jean,Jean
Jean,Jean,Jean,Jean,Jean,Jean,Jean
Jean,Jean,Jean,Jean,Jean,Jean,Jean
Jean,Jean,Jean,Jean,Jean,Jean,Jean
Jean,Jean,Jean,Jean,Jean,Jean,Jean
Jean,Jean,Jean,Jean,Jean,Jean,Jean
Jean,Jean,Jean,Jean,Jean,Jean,Jean
Jean,Jean,Jean,Jean,Jean,Jean,Jean
Jean,Jean,Jean,Jean,Jean,Jean,Jean
Jean,Jean,Jean,Jean,Jean,Jean,Jean
Jean,Jean,Jean,Jean,Jean,Jean,Jean
Jean,Jean,Jean,Jean,Jean,Jean,Jean
Jean,Jean,Jean,Jean,Jean,Jean,Jean
Jean,Jean,Jean,Jean,Jean,Jean,Jean
Jean,Jean,Jean,Jean,Jean,Jean,Jean
Jean,Jean,Jean,Jean,Jean,Jean,Jean
Jean,Jean,Jean,Jean,Jean,Jean,Jean
Jean,Jean,Jean,Jean,Jean,Jean,Jean
Jean,Jean,Jean,Jean,Jean,Jean,Jean
Jean,Jean,Jean,Jean,Jean,Jean,Jean
Jean,Jean,Jean,Jean,Jean,Jean,Jean
Jean,Jean,Jean,Jean,Jean,Jean,Jean
Jean,Jean,Jean,Jean,Jean,Jean,Jean
Jean,Jean,Jean,Jean,Jean,Jean,Jean
Jean,Jean,Jean,Jean,Jean,Jean,Jean
Jean,Jean,Jean,Jean,Jean,Jean,Jean
Jean,Jean,Jean,Jean,Jean,Jean,Jean
Jean,Jean,Jean,Jean,Jean,Jean,Jean
Jean,Jean,Jean,Jean,Jean,Jean,Jean
Jean,Jean,Jean,Jean,Jean,Jean,Jean
Jean,Jean,Jean,Jean,Jean,Jean,Jean
Jean,Jean,Jean,Jean,Jean,Jean,Jean
Jean,Jean,Jean,Jean,Jean,Jean,Jean
Jean,Jean,Jean,Jean,Jean,Jean,Jean
Jean,Jean,Jean,Jean,Jean,Jean,Jean
Jean,Jean,Jean,Jean,Jean,Jean,Jean
Jean,Jean,Jean,Jean,Jean,Jean,Jean
Jean,Jean,Jean,Jean,Jean,Jean,Jean
Jean,Jean,Jean,Jean,Jean,Jean,Jean
Jean,Jean,Jean,Jean,Jean,Jean,Jean
Jean,Jean,Jean,Jean,Jean,Jean,Jean
Jean,Jean,Jean,Jean,Jean,Jean,Jean
Jean,Jean,Jean,Jean,Jean,Jean,Jean
Jean,Jean,Jean,Jean,Jean,Jean,Jean
Jean,Jean,Jean,Jean,Jean,Jean,Jean
Jean,Jean,Jean,Jean,Jean,Jean,Jean
Jean,Jean,Jean,Jean,Jean,Jean,Jean
Jean,Jean,Jean,Jean,Jean,Jean,Jean
Jean,Jean,Jean,Jean,Jean,Jean,Jean
Jean,Jean,Jean,Jean,Jean,Jean,Jean
Jean,Jean,Jean,Jean,Jean,Jean,Jean
Jean,Jean,Jean,Jean,Jean,Jean,Jean
Jean,Jean,Jean,Jean,Jean,Jean,Jean
Jean,Jean,Jean,Jean,Jean,Jean,Jean
Jean,Jean,Jean,Jean,Jean,Jean,Jean
Jean,Jean,Jean,Jean,Jean,Jean,Jean
Jean,Jean,Jean,Jean,Jean,Jean,Jean
Jean,Jean,Jean,Jean,Jean,Jean,Jean
Jean,Jean,Jean,Jean,Jean,Jean,Jean
Jean,Jean,Jean,Jean,Jean,Jean,Jean
Jean,Jean,Jean,Jean,Jean,Jean,Jean
Jean,Jean,Jean,Jean,Jean,Jean,Jean
Jean,Jean,Jean,Jean,Jean,Jean,Jean
Jean,Jean,Jean,Jean,Jean,Jean,Jean
Jean,Jean,Jean,Jean,Jean,Jean,Jean
Jean,Jean,Jean,Jean,Jean,Jean,Jean
Jean,Jean,Jean,Jean,Jean,Jean,Jean
Gary,Gary,Gary,Gary,Gary,Gary,Gary
Jean,Jean,Jean,Jean,Jean,Jean,Jean
Jean,Jean,Jean,Jean,Jean,Jean,Jean
Jean,Jean,Jean,Jean,Jean,Jean,Jean
Jean,Jean,Jean,Jean,Jean,Jean,Jean
Jean,Jean,Jean,Jean,Jean,Jean,Jean
Jean,Jean,Jean,Jean,Jean,Jean,Jean
Jean,Jean,Jean,Jean,Jean,Jean,Jean
Jean,Jean,Jean,Jean,Jean,Jean,Jean
Jean,Jean,Jean,Jean,Jean,Jean,Jean
Jean,Jean,Jean,Jean,Jean,Jean,Jean
Jean,Jean,Jean,Jean,Jean,Jean,Jean
Jean,Jean,Jean,Jean,Jean,Jean,Jean
Jean,Jean,Jean,Jean,Jean,Jean,Jean
Jean,Jean,Jean,Jean,Jean,Jean,Jean
Jean,Jean,Jean,Jean,Jean,Jean,Jean
Jean,Jean,Jean,Jean,Jean,Jean,Jean
Jean,Jean,Jean,Jean,Jean,Jean,Jean
Jean,Jean,Jean,Jean,Jean,Jean,Jean
Jean,Jean,Jean,Jean,Jean,Jean,Jean
Jean,Jean,Jean,Jean,Jean,Jean,Jean
Jean,Jean,Jean,Jean,Jean,Jean,Jean
Jean,Jean,Jean,Jean,Jean,Jean,Jean
Jean,Jean,Jean,Jean,Jean,Jean,Jean
Jean,Jean,Jean,Jean,Jean,Jean,Jean
Jean,Jean,Jean,Jean,Jean,Jean,Jean
Jean,Jean,Jean,Jean,Jean,Jean,Jean
Jean,Jean,Jean,Jean,Jean,Jean,Jean
Jean,Jean,Jean,Jean,Jean,Jean,Jean
Jean,Jean,Jean,Jean,Jean,Jean,Jean
Jean,Jean,Jean,Jean,Jean,Jean,Jean
Jean,Jean,Jean,Jean,Jean,Jean,Jean
Jean,Jean,Jean,Jean,Jean,Jean,Jean
Jean,Jean,Jean,Jean,Jean,Jean,Jean
Jean,Jean,Jean,Jean,Jean,Jean,Jean
Jean,Jean,Jean,Jean,Jean,Jean,Jean
Jean,Jean,Jean,Jean,Jean,Jean,Jean
Jean,Jean,Jean,Jean,Jean,Jean,Jean
Jean,Jean,Jean,Jean,Jean,Jean,Jean
Jean,Jean,Jean,Jean,Jean,Jean,Jean
Jean,Jean,Jean,Jean,Jean,Jean,Jean
Jean,Jean,Jean,Jean,Jean,Jean,Jean
Jean,Jean,Jean,Jean,Jean,Jean,Jean
Jean,Jean,Jean,Jean,Jean,Jean,Jean
Jean,Jean,Jean,Jean,Jean,Jean,Jean
Jean,Jean,Jean,Jean,Jean,Jean,Jean
Jean,Jean,Jean,Jean,Jean,Jean,Jean
Jean,Jean,Jean,Jean,Jean,Jean,Jean
Jean,Jean,Jean,Jean,Jean,Jean,Jean
Jean,Jean,Jean,Jean,Jean,Jean,Jean
Jean,Jean,Jean,Jean,Jean,Jean,Jean
Jean,Jean,Jean,Jean,Jean,Jean,Jean
Jean,Jean,Jean,Jean,Jean,Jean,Jean
Jean,Jean,Jean,Jean,Jean,Jean,Jean
Jean,Jean,Jean,Jean,Jean,Jean,Jean
Jean,Jean,Jean,Jean,Jean,Jean,Jean
Jean,Jean,Jean,Jean,Jean,Jean,Jean
Jean,Jean,Jean,Jean,Jean,Jean,Jean
Jean,Jean,Jean,Jean,Jean,Jean,Jean
Jean,Jean,Jean,Jean,Jean,Jean,Jean
Jean,Jean,Jean,Jean,Jean,Jean,Jean
Jean,Jean,Jean,Jean,Jean,Jean,Jean
Jean,Jean,Jean,Jean,Jean,Jean,Jean
Jean,Jean,Jean,Jean,Jean,Jean,Jean
Jean,Jean,Jean,Jean,Jean,Jean,Jean
Jean,Jean,Jean,Jean,Jean,Jean,Jean
Jean,Jean,Jean,Jean,Jean,Jean,Jean
Jean,Jean,Jean,Jean,Jean,Jean,Jean
Jean,Jean,Jean,Jean,Jean,Jean,Jean
Jean,Jean,Jean,Jean,Jean,Jean,Jean
Jean,Jean,Jean,Jean,Jean,Jean,Jean
Jean,Jean,Jean,Jean,Jean,Jean,Jean
Jean,Jean,Jean,Jean,Jean,Jean,Jean
Jean,Jean,Jean,Jean,Jean,Jean,Jean
Jean,Jean,Jean,Jean,Jean,Jean,Jean
Jean,Jean,Jean,Jean,Jean,Jean,Jean
Jean,Jean,Jean,Jean,Jean,Jean,Jean
Jean,Jean,Jean,Jean,Jean,Jean,Jean
Jean,Jean,Jean,Jean,Jean,Jean,Jean
Jean,Jean,Jean,Jean,Jean,Jean,Jean
Jean,Jean,Jean,Jean,Jean,Jean,Jean
Jean,Jean,Jean,Jean,Jean,Jean,Jean
Jean,Jean,Jean,Jean,Jean,Jean,Jean
Jean,Jean,Jean,Jean,Jean,Jean,Jean
Jean,Jean,Jean,Jean,Jean,Jean,Jean
Jean,Jean,Jean,Jean,Jean,Jean,Jean
Jean,Jean,Jean,Jean,Jean,Jean,Jean
Jean,Jean,Jean,Jean,Jean,Jean,Jean
Jean,Jean,Jean,Jean,Jean,Jean,Jean
Jean,Jean,Jean,Jean,Jean,Jean,Jean
Jean,Jean,Jean,Jean,Jean,Jean,Jean
Jean,Jean,Jean,Jean,Jean,Jean,Jean
Jean,Jean,Jean,Jean,Jean,Jean,Jean
Jean,Jean,Jean,Jean,Jean,Jean,Jean
Jean,Jean,Jean,Jean,Jean,Jean,Jean
Jean,Jean,Jean,Jean,Jean,Jean,Jean
Jean,Jean,Jean,Jean,Jean,Jean,Jean
Jean,Jean,Jean,Jean,Jean,Jean,Jean
Jean,Jean,Jean,Jean,Jean,Jean,Jean
Jean,Jean,Jean,Jean,Jean,Jean,Jean
Jean,Jean,Jean,Jean,Jean,Jean,Jean
Jean,Jean,Jean,Jean,Jean,Jean,Jean
Jean,Jean,Jean,Jean,Jean,Jean,Jean
Jean,Jean,Jean,Jean,Jean,Jean,Jean
Jean,Jean,Jean,Jean,Jean,Jean,Jean
Jean,Jean,Jean,Jean,Jean,Jean,Jean
Jean,Jean,Jean,Jean,Jean,Jean,Jean
Jean,Jean,Jean,Jean,Jean,Jean,Jean
Jean,Jean,Jean,Jean,Jean,Jean,Jean
Jean,Jean,Jean,Jean,Jean,Jean,Jean
Jean,Jean,Jean,Jean,Jean,Jean,Jean
Jean,Jean,Jean,Jean,Jean,Jean,Jean
Jean,Jean,Jean,Jean,Jean,Jean,Jean
Jean,Jean,Jean,Jean,Jean,Jean,Jean
Jean,Jean,Jean,Jean,Jean,Jean,Jean
Jean,Jean,Jean,Jean,Jean,Jean,Jean
Jean,Jean,Jean,Jean,Jean,Jean,Jean
Jean,Jean,Jean,Jean,Jean,Jean,Jean
Jean,Jean,Jean,Jean,Jean,Jean,Jean
Jean,Jean,Jean,Jean,Jean,Jean,Jean
Jean,Jean,Jean,Jean,Jean,Jean,Jean
Jean,Jean,Jean,Jean,Jean,Jean,Jean
Jean,Jean,Jean,Jean,Jean,Jean,Jean
Jean,Jean,Jean,Jean,Jean,Jean,Jean
Jean,Jean,Jean,Jean,Jean,Jean,Jean
Jean,Jean,Jean,Jean,Jean,Jean,Jean
Jean,Jean,Jean,Jean,Jean,Jean,Jean
Jean,Jean,Jean,Jean,Jean,Jean,Jean
Jean,Jean,Jean,Jean,Jean,Jean,Jean
Jean,Jean,Jean,Jean,Jean,Jean,Jean
Jean,Jean,Jean,Jean,Jean,Jean,Jean
Jean,Jean,Jean,Jean,Jean,Jean,Jean
Jean,Jean,Jean,Jean,Jean,Jean,Jean
Jean,Jean,Jean,Jean,Jean,Jean,Jean
Jean,Jean,Jean,Jean,Jean,Jean,Jean
Jean,Jean,Jean,Jean,Jean,Jean,Jean
Jean,Jean,Jean,Jean,Jean,Jean,Jean
Jean,Jean,Jean,Jean,Jean,Jean,Jean
Jean,Jean,Jean,Jean,Jean,Jean,Jean
Jean,Jean,Jean,Jean,Jean,Jean,Jean
Jean,Jean,Jean,Jean,Jean,Jean,Jean
Jean,Jean,Jean,Jean,Jean,Jean,Jean
Jean,Jean,Jean,Jean,Jean,Jean,Jean
Jean,Jean,Jean,Jean,Jean,Jean,Jean
Jean,Jean,Jean,Jean,Jean,Jean,Jean
Jean,Jean,Jean,Jean,Jean,Jean,Jean
Jean,Jean,Jean,Jean,Jean,Jean,Jean
Jean,Jean,Jean,Jean,Jean,Jean,Jean
Jean,Jean,Jean,Jean,Jean,Jean,Jean
Jean,Jean,Jean,Jean,Jean,Jean,Jean
